family,graph,graph_seed,n,m,ell,longest,k,z
layered,0,0,46,168,12,12,0,204.0
layered,0,0,46,168,12,12,1,204.0
layered,0,0,46,168,12,12,2,190.0
layered,0,0,46,168,12,12,3,183.0
layered,0,0,46,168,12,12,4,176.0
layered,0,0,46,168,12,12,5,169.0
layered,0,0,46,168,12,12,6,162.0
layered,0,0,46,168,12,12,7,155.0
layered,0,0,46,168,12,12,8,148.0
layered,0,0,46,168,12,12,9,141.0
layered,0,0,46,168,12,12,10,134.0
layered,0,0,46,168,12,12,11,134.0
layered,0,0,46,168,12,12,12,120.0
random_dag,0,20260910,46,246,6,12,0,102.0
random_dag,0,20260910,46,246,6,12,1,102.0
random_dag,0,20260910,46,246,6,12,2,90.0
random_dag,0,20260910,46,246,6,12,3,90.0
random_dag,0,20260910,46,246,6,12,4,78.0
random_dag,0,20260910,46,246,6,12,5,78.0
random_dag,0,20260910,46,246,6,12,6,66.0
grid,0,0,49,84,12,12,0,204.0
grid,0,0,49,84,12,12,1,204.0
grid,0,0,49,84,12,12,2,197.0
grid,0,0,49,84,12,12,3,190.0
grid,0,0,49,84,12,12,4,183.0
grid,0,0,49,84,12,12,5,176.0
grid,0,0,49,84,12,12,6,169.0
grid,0,0,49,84,12,12,7,169.0
grid,0,0,49,84,12,12,8,162.0
grid,0,0,49,84,12,12,9,155.0
grid,0,0,49,84,12,12,10,148.0
grid,0,0,49,84,12,12,11,141.0
grid,0,0,49,84,12,12,12,120.0
asp,0,0,37,48,12,36,0,612.0
asp,0,0,37,48,12,36,1,612.0
asp,0,0,37,48,12,36,2,612.0
asp,0,0,37,48,12,36,3,589.0
asp,0,0,37,48,12,36,4,589.0
asp,0,0,37,48,12,36,5,589.0
asp,0,0,37,48,12,36,6,566.0
asp,0,0,37,48,12,36,7,566.0
asp,0,0,37,48,12,36,8,566.0
asp,0,0,37,48,12,36,9,543.0
asp,0,0,37,48,12,36,10,543.0
asp,0,0,37,48,12,36,11,543.0
asp,0,0,37,48,12,36,12,520.0
asp,0,0,37,48,12,36,13,520.0
asp,0,0,37,48,12,36,14,520.0
asp,0,0,37,48,12,36,15,497.0
asp,0,0,37,48,12,36,16,497.0
asp,0,0,37,48,12,36,17,497.0
asp,0,0,37,48,12,36,18,474.0
asp,0,0,37,48,12,36,19,474.0
asp,0,0,37,48,12,36,20,474.0
asp,0,0,37,48,12,36,21,451.0
asp,0,0,37,48,12,36,22,451.0
asp,0,0,37,48,12,36,23,451.0
asp,0,0,37,48,12,36,24,428.0
asp,0,0,37,48,12,36,25,428.0
asp,0,0,37,48,12,36,26,428.0
asp,0,0,37,48,12,36,27,405.0
asp,0,0,37,48,12,36,28,405.0
asp,0,0,37,48,12,36,29,405.0
asp,0,0,37,48,12,36,30,382.0
asp,0,0,37,48,12,36,31,382.0
asp,0,0,37,48,12,36,32,382.0
asp,0,0,37,48,12,36,33,359.0
asp,0,0,37,48,12,36,34,359.0
asp,0,0,37,48,12,36,35,359.0
asp,0,0,37,48,12,36,36,336.0
